[
  {
    "title": "Top Tech Conferences in 2024",
    "category": "Technology",
    "date": "May 27, 2024",
    "image": "/images/blog-2.jpg",
    "description": "Discover the most influential tech conferences of 2024 that are set to shape the future of technology and innovation.",
    "link": "https://search.brave.com/search?q=top+tech+conferences+2024&source=desktop&summary=1&summary_og=7856a72179796622b1629f"
  },
  {
    "title": "Tech Digest #100: Latest Innovations",
    "category": "Technology",
    "date": "May 27, 2024",
    "image": "/images/blog-3.jpg",
    "description": "Stay updated with the 100th edition of Tech Digest, featuring the latest innovations and breakthroughs in technology.",
    "link": "https://www.techdigest.tv/"
  },
  {
    "title": "Weekly UI Interactions: Trends and Tips",
    "category": "Design",
    "date": "May 27, 2024",
    "image": "/images/blog-4.jpg",
    "description": "Explore the latest trends in UI interactions with practical tips to enhance user experience on your digital platforms.",
    "link": "https://solguruz.com/blog/ui-ux-design-trends/"
  },
  {
    "title": "The Art of Digital Workspace Organization",
    "category": "Business",
    "date": "May 27, 2024",
    "image": "/images/blog-5.jpg",
    "description": "Master the art of organizing your digital workspace for maximum productivity and efficiency.",
    "link": "https://thepostworkspaces.com/digital-organization-tips/"
  },
  {
    "title": "Tech Digest #99: Emerging Trends",
    "category": "Technology",
    "date": "May 27, 2024",
    "image": "/images/blog-9.jpg",
    "description": "Dive into the 99th edition of Tech Digest, focusing on emerging trends that are set to transform the tech industry.",
    "link": "https://scholar.google.com/scholar?q=Tech+Digest+%2399:+Emerging+Trends+blogs&hl=en&as_sdt=0&as_vis=1&oi=scholart"
  },
  {
    "title": "Elon Musk's Vision for the Future",
    "category": "Technology",
    "date": "May 27, 2024",
    "image": "/images/blog-7.jpg",
    "description": "Explore Elon Musk's ambitious plans for the future, including advancements in space travel, electric vehicles, and more.",
    "link": "https://qz.com/elon-musk-ai-future-1851497548"
  },
  {
    "title": "Tony Stark: Fiction Meets Reality in Tech",
    "category": "Technology",
    "date": "May 27, 2024",
    "image": "/images/blog-1.jpg",
    "description": "How the fictional character Tony Stark has inspired real-world technological advancements and innovation.",
    "link": "https://www.mic.com/articles/119848/meet-the-real-life-tony-stark-whose-tech-is-changing-the-world"
  },
  {
    "title": "The Future of AI: Trends and Predictions",
    "category": "Technology",
    "date": "May 27, 2024",
    "image": "/images/blog-6.jpg",
    "description": "A deep dive into the future of artificial intelligence, exploring current trends and future predictions.",
    "link": "https://www.entrepreneur.com/science-technology/8-ai-trends-and-predictions-for-the-next-decade/455115"
  },
  {
    "title": "Quantum Computing: The Next Tech Revolution",
    "category": "Technology",
    "date": "May 27, 2024",
    "image": "/images/blog-8.jpg",
    "description": "Understanding the basics of quantum computing and its potential to revolutionize technology.",
    "link": "https://www.ibm.com/topics/quantum-computing"
  }
]
